INSERT INTO Country (country_code2, country_code3, country_name, alternate_name1, alternate_name2, mother_country_code3, mother_country_comment)
VALUES
	('AO','A','Anla','Republic of Anla','','',''),
	('AW','ABW','Aruba','','','NLD','Self-verning country in the Kingdom of the Netherlands'),
	('AF','AFG','Afghanistan','Islamic Republic of Afghanistan','','',''),
	('AI','AIA','Anguilla','','','GBR','UK overseas territory'),
	('AX','ALA','Åland Islands','Åland','','FIN','Autonomous province of Finland'),
	('AL','ALB','Albania','Republic of Albania','','',''),
	('AD','AND','Andorra','Principality of Andorra','','',''),
	('AN','ANT','Netherlands Antilles','','','NLD','Self-verning country in the Kingdom of the Netherlands'),
	('AE','ARE','United Arab Emirates','','','',''),
	('AR','ARG','Argentina','Argentine Republic','','',''),
	('AM','ARM','Armenia','Republic of Armenia','','',''),
	('AS','ASM','American Samoa','Territory of American Samoa','','USA','US territory'),
	('AQ','ATA','Antarctica','','','',''),
	('TF','ATF','French Southern Territories','','','FRA','French overseas collectivity'),
	('AG','ATG','Antigua and Barbuda','','','',''),
	('AU','AUS','Australia','Commonwealth of Australia','','',''),
	('AT','AUT','Austria','Republic of Austria','','',''),
	('AZ','AZE','Azerbaijan','Republic of Azerbaijan','','',''),
	('BI','BDI','Burundi','Republic of Burundi','','',''),
	('BE','BEL','Belgium','Kingdom of Belgium','','',''),
	('BJ','BEN','Benin','Republic of Benin','','',''),
	('BF','BFA','Burkina Faso','','','',''),
	('BD','BGD','Bangladesh','People''s Republic of Bangladesh','','',''),
	('BG','BGR','Bulgaria','Republic of Bulgaria','','',''),
	('BH','BHR','Bahrain','Kingdom of Bahrain','','',''),
	('BS','BHS','Bahamas','The Bahamas','Commonwealth of The Bahamas','',''),
	('BA','BIH','Bosnia and Herzevina','Bosnia & Herzevina','','',''),
	('BY','BLR','Belarus','Republic of Belarus','','',''),
	('BZ','BLZ','Belize','','','',''),
	('BM','BMU','Bermuda','','','GBR','UK overseas territory'),
	('BO','BOL','Bolivia','Republic of Bolivia','','',''),
	('BR','BRA','Brazil','Federative Republic of Brazil','','',''),
	('BB','BRB','Barbados','','','',''),
	('BN','BRN','Brunei Darussalam','Brunei','Negara Brunei Darussalam','',''),
	('BT','BTN','Bhutan','Kingdom of Bhutan','','',''),
	('BV','BVT','Bouvet Island','','','NOR','Territory of Norway'),
	('BW','BWA','Botswana','Republic of Botswana','','',''),
	('CF','CAF','Central African Republic','','','',''),
	('CA','CAN','Canada','','','',''),
	('CC','CCK','Cocos (Keeling) Islands','Territory of Cocos (Keeling) Islands','Keeling Islands','AUS','Australian overseas territory'),
	('CH','CHE','Switzerland','Swiss Confederation','','',''),
	('CL','CHL','Chile','Republic of Chile','','',''),
	('CN','CHN','China','People''s Republic of China','China, People''s Republic of','',''),
	('CI','CIV','Côte d''Ivoire','Republic of Côte d''Ivoire','Ivory Coast','',''),
	('CM','CMR','Cameroon','Republic of Cameroon','','',''),
	('CD','COD','Democratic Republic of the Con','Zaire','Con, the Democratic Republic of','',''),
	('CG','COG','Con','Republic of the Con','Con, Republic of','',''),
	('CK','COK','Cook Islands','','','NZL','Associated state of New Zealand'),
	('CO','COL','Colombia','Republic of Colombia','','',''),
	('KM','COM','Comoros','Union of the Comoros','','',''),
	('CV','CPV','Cape Verde','Republic of Cape Verde','','',''),
	('CR','CRI','Costa Rica','Republic of Costa Rica','','',''),
	('CU','CUB','Cuba','Republic of Cuba','','',''),
	('CX','CXR','Christmas Island','Territory of Christmas Island','','AUS','Australian overseas territory'),
	('KY','CYM','Cayman Islands','','','GBR','UK overseas territory'),
	('CY','CYP','Cyprus','Republic of Cyprus','','',''),
	('CZ','CZE','Czech Republic','','','',''),
	('DE','DEU','Germany','Federal Republic of Germany','','',''),
	('DJ','DJI','Djibouti','Republic of Djibouti','','',''),
	('DM','DMA','Dominica','Commonwealth of Dominica','','',''),
	('DK','DNK','Denmark','Kingdom of Denmark','','',''),
	('DO','DOM','Dominican Republic','','','',''),
	('DZ','DZA','Algeria','People''s Democratic Republic of Algeria','','',''),
	('EC','ECU','Ecuador','Republic of Ecuador','','',''),
	('EG','EGY','Egypt','Arab Republic of Egypt','','',''),
	('EN','ENG','England','','','GBR','UK territory'),
	('ER','ERI','Eritrea','State of Eritrea','','',''),
	('EH','ESH','Western Sahara','Sahrawi Arab Democratic Republic','','',''),
	('ES','ESP','Spain','Kingdom of Spain','','',''),
	('EE','EST','Estonia','Republic of Estonia','','',''),
	('ET','ETH','Ethiopia','Federal Democratic Republic of Ethiopia','','',''),
	('FI','FIN','Finland','Republic of Finland','','',''),
	('FJ','FJI','Fiji','Republic of the Fiji Islands','','',''),
	('FK','FLK','Falkland Islands (Malvinas)','Malvinas','Falkland Islands','GBR','UK overseas territory'),
	('FR','FRA','France','French Republic','','',''),
	('FO','FRO','Faroe Islands','','','DNK','Self-verning country in the Kingdom of Denmark'),
	('FM','FSM','Micronesia, Federated States of','Federated States of Micronesia','','',''),
	('GA','GAB','Gabon','Gabonese Republic','','',''),
	('GB','GBR','United Kingdom','United Kingdom of Great Britain and Northern Ireland','Great Britain','',''),
	('GE','GEO','Georgia','','','',''),
	('GG','GGY','Guernsey','Bailiwick of Guernsey','','GBR','British Crown dependency'),
	('GH','GHA','Ghana','Republic of Ghana','','',''),
	('GI','GIB','Gibraltar','','','GBR','UK overseas territory'),
	('GN','GIN','Guinea','Republic of Guinea','','',''),
	('GP','GLP','Guadeloupe','','','',''),
	('GM','GMB','Gambia','Republic of The Gambia','The Gambia','',''),
	('GW','GNB','Guinea-Bissau','Republic of Guinea-Bissau','','',''),
	('GQ','GNQ','Equatorial Guinea','Republic of Equatorial Guinea','','',''),
	('GR','GRC','Greece','Hellenic Republic','','',''),
	('GD','GRD','Grenada','','','',''),
	('GL','GRL','Greenland','','','DNK','Self-verning country in the Kingdom of Denmark'),
	('GT','GTM','Guatemala','Republic of Guatemala','','',''),
	('GF','GUF','French Guiana','','','',''),
	('GU','GUM','Guam','Territory of Guam','','USA','US organized territory'),
	('GY','GUY','Guyana','Co-operative Republic of Guyana','','',''),
	('HK','HKG','Hong Kong','Hong Kong Special Administrative Region of the People''s Republic of China','','CHN','Area of special sovereignty'),
	('HM','HMD','Heard Island and McDonald Islands','','','AUS','Australian overseas territory'),
	('HN','HND','Honduras','Republic of Honduras','','',''),
	('HR','HRV','Croatia','Republic of Croatia','','',''),
	('HT','HTI','Haiti','Republic of Haiti','','',''),
	('HU','HUN','Hungary','Republic of Hungary','','',''),
	('ID','IDN','Indonesia','Republic of Indonesia','','',''),
	('IM','IMN','Isle of Man','','','GBR','British Crown dependency'),
	('IN','IND','India','Republic of India','','',''),
	('IO','IOT','British Indian Ocean Territory','','','GBR','UK overseas territory'),
	('IE','IRL','Ireland','Eire','','',''),
	('IR','IRN','Iran, Islamic Republic of','Islamic Republic of Iran','','',''),
	('IQ','IRQ','Iraq','Republic of Iraq','','',''),
	('IS','ISL','Iceland','Republic of Iceland','','',''),
	('IL','ISR','Israel','State of Israel','','',''),
	('IT','ITA','Italy','Italian Republic','','',''),
	('JM','JAM','Jamaica','','','',''),
	('JE','JEY','Jersey','Bailiwick of Jersey','','GBR','British Crown dependency'),
	('JO','JOR','Jordan','Hashemite Kingdom of Jordan','','',''),
	('JP','JPN','Japan','','','',''),
	('KZ','KAZ','Kazakhstan','Republic of Kazakhstan','','',''),
	('KE','KEN','Kenya','Republic of Kenya','','',''),
	('KG','KGZ','Kyrgyzstan','Kyrgyz Republic','','',''),
	('KH','KHM','Cambodia','Kingdom of Cambodia','','',''),
	('KI','KIR','Kiribati','Republic of Kiribati','','',''),
	('KN','KNA','Saint Kitts and Nevis','Federation of Saint Christopher and Nevis','','',''),
	('KR','KOR','Republic of Korea','Korea','South Korea','',''),
	('KW','KWT','Kuwait','State of Kuwait','','',''),
	('LA','LAO','Lao People''s Democratic Republic','Laos','','',''),
	('LB','LBN','Lebanon','Republic of Lebanon','The Lebanon','',''),
	('LR','LBR','Liberia','Republic of Liberia','','',''),
	('LY','LBY','Libyan Arab Jamahiriya','Libya','Great Socialist People''s Libyan Arab Jamahiriya','',''),
	('LC','LCA','Saint Lucia','','','',''),
	('LI','LIE','Liechtenstein','Principality of Liechtenstein','','',''),
	('LK','LKA','Sri Lanka','Democratic Socialist Republic of Sri Lanka','','',''),
	('LS','LSO','Lesotho','Kingdom of Lesotho','','',''),
	('LT','LTU','Lithuania','Republic of Lithuania','','',''),
	('LU','LUX','Luxembourg','Grand Duchy of Luxembourg','','',''),
	('LV','LVA','Latvia','Republic of Latvia','','',''),
	('MO','MAC','Macao','Macao Special Administrative Region of the People''s Republic of China','','CHN','Area of special sovereignty'),
	('MA','MAR','Morocco','Kingdom of Morocco','','',''),
	('MC','MCO','Monaco','Principality of Monaco','','',''),
	('MD','MDA','Moldova, Republic of','Republic of Moldova','','',''),
	('MG','MDG','Madagascar','Republic of Madagascar','','',''),
	('MV','MDV','Maldives','Republic of Maldives','','',''),
	('MX','MEX','Mexico','United Mexican States','','',''),
	('MH','MHL','Marshall Islands','Republic of the Marshall Islands','','',''),
	('MK','MKD','Macedonia, the former Yuslav Republic of','Republic of Macedonia','Macedonia','',''),
	('ML','MLI','Mali','Republic of Mali','','',''),
	('MT','MLT','Malta','Republic of Malta','','',''),
	('MM','MMR','Myanmar','Burma','Union of Myanmar','',''),
	('ME','MNE','Montenegro','Republic of Montenegro','','',''),
	('MN','MNG','Monlia','','','',''),
	('MP','MNP','Northern Mariana Islands','','','USA','US organized territory'),
	('MZ','MOZ','Mozambique','Republic of Mozambique','','',''),
	('MR','MRT','Mauritania','Islamic Republic of Mauritania','','',''),
	('MS','MSR','Montserrat','','','GBR','UK overseas territory'),
	('MQ','MTQ','Martinique','','','',''),
	('MU','MUS','Mauritius','Republic of Mauritius','','',''),
	('MW','MWI','Malawi','Republic of Malawi','','',''),
	('MY','MYS','Malaysia','','','',''),
	('YT','MYT','Mayotte','Departmental Collectivity of Mayotte','','FRA','French overseas collectivity'),
	('NA','NAM','Namibia','Republic of Namibia','','',''),
	('NC','NCL','New Caledonia','Territory of New Caledonia and Dependencies','','FRA','French community sui generis'),
	('NE','NER','Niger','Republic of Niger','','',''),
	('NF','NFK','Norfolk Island','Territory of Norfolk Island','','AUS','Australian overseas territory'),
	('NG','NGA','Nigeria','Federal Republic of Nigeria','','',''),
	('NI','NIC','Nicaragua','Republic of Nicaragua','','',''),
	('ND','NIR','Northern Island','','','GBR','UK territory'),
	('NU','NIU','Niue','','','NZL','Associated state of New Zealand'),
	('NL','NLD','Netherlands','The Netherlands','Holland','',''),
	('NO','NOR','Norway','Kingdom of Norway','','',''),
	('NP','NPL','Nepal','State of Nepal','','',''),
	('NR','NRU','Nauru','Republic of Nauru','','',''),
	('NZ','NZL','New Zealand','','','',''),
	('OM','OMN','Oman','Sultanate of Oman','','',''),
	('PK','PAK','Pakistan','Islamic Republic of Pakistan','','',''),
	('PA','PAN','Panama','Republic of Panama','','',''),
	('PN','PCN','Pitcairn','Pitcairn, Henderson, Ducie, and Oeno Islands','','GBR','UK overseas territory'),
	('PE','PER','Peru','Republic of Peru','','',''),
	('PH','PHL','Philippines','Republic of the Philippines','','',''),
	('PW','PLW','Palau','Republic of Palau','','USA','US organized territory'),
	('PG','PNG','Papua New Guinea','Independent State of Papua New Guinea','','',''),
	('PL','POL','Poland','Republic of Poland','','',''),
	('PR','PRI','Puerto Rico','Commonwealth of Puerto Rico','','USA','US commonwealth'),
	('KP','PRK','Korea, Democratic People''s Republic of','Democratic People''s Republic of Korea','North Korea','',''),
	('PT','PRT','Portugal','Portuguese Republic','','',''),
	('PY','PRY','Paraguay','Republic of Paraguay','','',''),
	('PS','PSE','Palestinian Territory, Occupied','State of Palestine','Palestine','',''),
	('PF','PYF','French Polynesia','','','FRA','French overseas collectivity'),
	('QA','QAT','Qatar','State of Qatar','','',''),
	('RE','REU','Réunion','Reunion Island','','',''),
	('RO','ROU','Romania','','','',''),
	('RU','RUS','Russian Federation','The Russian Federation','Russia','',''),
	('RW','RWA','Rwanda','Republic of Rwanda','','',''),
	('SA','SAU','Saudi Arabia','Kingdom of Saudi Arabia','','',''),
	('SS','SCO','Scotland','','','GBR','UK territory'),
	('SD','SDN','Sudan','Republic of the Sudan','','',''),
	('SN','SEN','Senegal','Republic of Senegal','','',''),
	('SG','SGP','Singapore','Republic of Singapore','','',''),
	('GS','SGS','South Georgia and the South Sandwich Islands','','','GBR','UK overseas territory'),
	('SH','SHN','Saint Helena','','','GBR','UK overseas territory'),
	('SJ','SJM','Svalbard and Jan Mayen','Svalbard','','NOR','Territory of Norway'),
	('SB','SLB','Solomon Islands','','','',''),
	('SL','SLE','Sierra Leone','Republic of Sierra Leone','','',''),
	('SV','SLV','El Salvador','Republic of El Salvador','','',''),
	('SM','SMR','San Marino','Most Serene Republic of San Marino','','',''),
	('SO','SOM','Somalia','','','',''),
	('PM','SPM','Saint Pierre and Miquelon','Territorial Collectivity of Saint Pierre and Miquelon','','FRA','French overseas collectivity'),
	('RS','SRB','Serbia','Republic of Serbia','Yuslavia','',''),
	('ST','STP','Sao Tome and Principe','Democratic Republic of São Tomé and Príncipe','','',''),
	('SR','SUR','Suriname','Republic of Suriname','','',''),
	('SK','SVK','Slovakia','Slovak Republic','','',''),
	('SI','SVN','Slovenia','Republic of Slovenia','','',''),
	('SE','SWE','Sweden','Kingdom of Sweden','','',''),
	('SZ','SWZ','Swaziland','Kingdom of Swaziland','','',''),
	('SC','SYC','Seychelles','Republic of Seychelles','','',''),
	('SY','SYR','Syrian Arab Republic','Syria','','',''),
	('TG','T','To','Tolese Republic','','',''),
	('TC','TCA','Turks and Caicos Islands','','','GBR','UK overseas territory'),
	('TD','TCD','Chad','Republic of Chad','','',''),
	('TH','THA','Thailand','Kingdom of Thailand','','',''),
	('TJ','TJK','Tajikistan','Republic of Tajikistan','','',''),
	('TK','TKL','Tokelau','','','NZL','Overseas territory of New Zealand'),
	('TM','TKM','Turkmenistan','','','',''),
	('TL','TLS','Timor-Leste','East Timor','Democratic Republic of Timor-Leste','',''),
	('TO','TON','Tonga','Kingdom of Tonga','','',''),
	('TT','TTO','Trinidad and Toba','Republic of Trinidad and Toba','','',''),
	('TN','TUN','Tunisia','Tunisian Republic','','',''),
	('TR','TUR','Turkey','Republic of Turkey','','',''),
	('TV','TUV','Tuvalu','','','',''),
	('TW','TWN','Taiwan','Taiwan, Province of China','','',''),
	('TZ','TZA','Tanzania, United Republic of','United Republic of Tanzania','','',''),
	('UG','UGA','Uganda','Republic of Uganda','','',''),
	('UA','UKR','Ukraine','','','',''),
	('UM','UMI','United States Minor Outlying Islands','','','USA','US organized territory'),
	('UY','URY','Uruguay','Eastern Republic of Uruguay','','',''),
	('US','USA','United States','United States of America','U.S.A.','',''),
	('UZ','UZB','Uzbekistan','Republic of Uzbekistan','','',''),
	('VA','VAT','Holy See (Vatican City State)','Vatican City State','Holy See','',''),
	('VC','VCT','Saint Vincent and the Grenadines','','','',''),
	('VE','VEN','Venezuela','Bolivarian Republic of Venezuela','','',''),
	('VG','VGB','Virgin Islands, British','British Virgin Islands','','GBR','UK overseas territory'),
	('VI','VIR','Virgin Islands, U.S.','United States Virgin Islands','','USA','US organized territory'),
	('VN','VNM','Viet Nam','Vietnam','Socialist Republic of Vietnam','',''),
	('VU','VUT','Vanuatu','Republic of Vanuatu','','',''),
	('WA','WAL','Wales','','','GBR','UK territory'),
	('WF','WLF','Wallis and Futuna','Territory of Wallis and Futuna Islands','','FRA','French overseas collectivity'),
	('WS','WSM','Samoa','Independent State of Samoa','','',''),
	('YE','YEM','Yemen','Republic of Yemen','','',''),
	('ZA','ZAF','South Africa','Republic of South Africa','','',''),
	('ZM','ZMB','Zambia','Republic of Zambia','','',''),
	('ZW','ZWE','Zimbabwe','Republic of Zimbabwe','','','');

INSERT INTO Airlines (airline_code, airline_name, country_code3)
VALUES
	('AA','American Airlines','USA'),
	('AC','Air Canada','CAN'),
	('AF','Air France','FRA'),
	('AI','Air India','IND'),
	('AM','Air Mexico','MEX'),
	('AR','Aerolineas Argentinas','ARG'),
	('AY','Finnair','FIN'),
	('BA','British Airways','GBR'),
	('CA','Air China','CHN'),
	('CI','China Airlines','CHN'),
	('CO','Continental Airlines','USA'),
	('CX','Cathay Pacific Airways','CHN'),
	('DJ','Virgin Blue','AUS'),
	('DL','Delta Air Lines','USA'),
	('EI','Aer Lingus','IRL'),
	('EK','Qatar Airways','QAT'),
	('IB','Iberia','ESP'),
	('JL','Japan Airlines','JPN'),
	('JQ','Jetstar Airlines','AUS'),
	('KE','Korean Airlines','KOR'),
	('KL','KLM-Royal Dutch Airlines','NLD'),
	('LH','Lufthansa','DEU'),
	('LY','El Al Israel Airlines','ISR'),
	('MH','Malaysia Airlines','MYS'),
	('MS','Egyptair','EGY'),
	('MX','Mexicana de Aviacion','MEX'),
	('NA','North American Airlines','USA'),
	('NW','Northwest Airlines','USA'),
	('NZ','Air New Zealand','NZL'),
	('OS','Austrian Airlines','AUT'),
	('PR','Philippine Airlines','PHL'),
	('QF','Qantas Airways','AUS'),
	('QR','Emirates Airlines','ARE'),
	('RJ','Royal Jordanian','JOR'),
	('SA','South African','ZAF'),
	('SK','SAS-Scandinavian Airlines','SWE'),
	('SQ','Singapore Airlines','SGP'),
	('SU','Aeroflot','RUS'),
	('TG','Thai Airways','THA'),
	('TK','Turkish Airlines','TUR'),
	('TW','Trans World Airlines','USA'),
	('UA','United Airlines','USA'),
	('VH','Aeropostal Alas de Venezuela','VEN'),
	('VS','Virgin Atlantic Airways','GBR');

INSERT INTO plane_type (plane_code, Details, num_first_class, num_business, num_premium_economy, Economy)
VALUES
	('747-100','Boeing 747-100',55,58,100,210),
	('757-200','Boeing 757-200',44,26,106,197),
	('757-300','Boeing 757-300',44,28,106,197),
	('767-200','Boeing 767-200',40,48,115,189),
	('767-300','Boeing 767-300',42,33,132,211),
	('767-400','Boeing 767-400',42,50,121,220),
	('A330-200','Airbus A330-200',42,40,120,177),
	('A330-300','Airbus A330-300',44,46,91,210),
	('A340-200','Airbus A340-200',42,50,124,208),
	('A340-300','Airbus A340-300',41,36,112,196),
	('A340-500','Airbus A340-500',39,62,131,187),
	('A340-600','Airbus A340-600',35,55,98,200),
	('A380','Airbus A380',46,47,111,203);

INSERT INTO Destinations (Destination_Code, Airport, Country_Code3, Tags)
VALUES
	('ADL','Adelaide','AUS', 'city, australian'),
	('AMS','Amsterdam','NLD', 'city, european'),
	('ATL','Atlanta','USA', 'city'),
	('BKK','Bangkok','THA', 'city, asian'),
	('BNE','Brisbane','AUS', 'beach, australian'),
	('CBR','Canberra','AUS', 'city, australian'),
	('CDG','Paris - Charles De Gaulle','FRA', 'city, european'),
	('CNS','Cairns','AUS', 'city, tropical, beach, surf, nature, australian'),
	('DOH','Doha','QAT', 'city'),
	('DRW','Darwin','AUS', 'resort, tours, nature, australian'),
	('DXB','Dubai','ARE', 'shopping'),
	('FCO','Rome-Fiumicino','ITA', 'city, arts, food, architecture, tours, european'),
	('GIG','Rio De Janeiro','BRA', 'city, beach, arts, food, festival'),
	('HBA','Hobart','AUS', 'arts, museums'),
	('HEL','Helsinki','FIN', 'arts, music, nature, european'),
	('HKG','Hong Kong','CHN', 'city, arts, food, shopping, asian'),
	('HNL','Honolulu','USA', 'beach, tropical, surf, resort, nature'),
	('JFK','New York - JFK','USA', 'arts, shopping, music, nightlife'),
	('JNB','Johannesburg','ZAF', 'safari, nature'),
	('KUL','Kuala Lumpur','MYS', 'shopping, nightlife, resort, asian'),
	('LAX','Los Angeles','USA', 'city, beach, arts, tours'),
	('LGA','New York - Laguardia','USA', 'city, arts, shopping, music, nightlife'),
	('LGW','London-Gatwick','GBR', ''),
	('LHR','London-Heathrow','GBR', ''),
	('MAD','Madrid','ESP', 'arts, museums, nightlife, festivals, european'),
	('MEL','Melbourne','AUS', 'australian'),
	('MIA','Miami','USA', 'beach, party, nightlife'),
	('MUC','Munich','DEU', 'festivals, arts, museums, architecture, european'),
	('NRT','Tokyo - Narita','JPN', 'city, festivals, nightlife, shopping, asian'),
	('OOL','Gold Coast','AUS', 'beach, surf, nightlife, resort, nature, australian'),
	('ORD','Chicago - OHare Intl.','USA', 'arts, music, food'),
	('ORY','Paris - Orly','FRA', 'arts, museums, fashion, food, european'),
	('PER','Perth','AUS', 'arts, museums, australian'),
	('SFO','San Francisco','USA', 'usa, arts, tours'),
	('SIN','Singapore','SGP', 'arts, food, nightlife, asian'),
	('SYD','Sydney','AUS', 'city, beach, arts, nightlife, australian'),
	('VIE','Vienna','AUT', 'music, museums, architecture, european'),
	('YYZ','Toronto','CAN', 'arts');

INSERT INTO ticket_class (Class_code, Details)
VALUES
	('BUS','Business Class'),
	('ECO','Economy'),
	('FIR','First Class'),
	('PME','Premium Economy');

INSERT INTO ticket_type (Ticket_code, Name, Transferable, Refundable, Exchangeable, Frequent_flyer_points)
VALUES
	('A','Standby','0','0','0','0'),
	('B','Premium Discounted','0','0','0','0'),
	('C','Discounted','0','0','0','1'),
	('D','Standard','0','0','0','1'),
	('E','Premium','1','0','1','1'),
	('F','ld','1','1','1','1'),
	('G','Platinum','1','1','1','1');


BULK INSERT FlightPub.dbo.Availability
FROM 'C:\Users\ahmed\Documents\GitHub\SENG3160\FlightPub-BackEnd\src\main\resources\Availabilities.txt'
WITH
	(
	FIELDTERMINATOR = ',',
	ROWTERMINATOR = ';',
	KEEPNULLS
	)

INSERT INTO Distances (Destination_code1, Destination_code2, Distance_in_kms)
VALUES
	('ADL','CBR',957),
	('ADL','DRW',2616),
	('ADL','PER',2129),
	('AMS','CDG',427),
	('AMS','FCO',1307),
	('AMS','HEL',1503),
	('AMS','MAD',1479),
	('AMS','MUC',666),
	('AMS','ORY',427),
	('ATL','MIA',974),
	('ATL','YYZ',1122),
	('BKK','HKG',1725),
	('BKK','KUL',1185),
	('BKK','NRT',4605),
	('BKK','SFO',12700),
	('BKK','SIN',1429),
	('BNE','ADL',1597),
	('BNE','ATL',14537),
	('BNE','BKK',7278),
	('BNE','CBR',939),
	('BNE','DOH',12324),
	('BNE','DRW',2847),
	('BNE','GIG',14136),
	('BNE','HKG',6925),
	('BNE','HNL',7566),
	('BNE','JFK',15493),
	('BNE','JNB',11628),
	('BNE','KUL',6456),
	('BNE','LAX',11559),
	('BNE','LGA',15493),
	('BNE','MIA',14753),
	('BNE','NRT',7155),
	('BNE','ORD',14355),
	('BNE','PER',3601),
	('BNE','SFO',11390),
	('BNE','SIN',6145),
	('BNE','YYZ',15075),
	('CBR','DRW',3131),
	('CBR','OOL',892),
	('CDG','FCO',1120),
	('CDG','MAD',1053),
	('CDG','MUC',685),
	('CDG','ORY',0),
	('FCO','MUC',708),
	('HEL','CDG',1908),
	('HEL','FCO',2208),
	('HEL','MAD',2948),
	('HEL','MUC',1589),
	('HEL','ORY',1908),
	('HKG','KUL',2513),
	('HKG','NRT',2886),
	('HKG','SIN',2582),
	('HNL','ATL',7224),
	('HNL','MIA',7810),
	('HNL','YYZ',7535),
	('JFK','ATL',1202),
	('JFK','HNL',7976),
	('JFK','LGA',0),
	('JFK','MIA',1760),
	('JFK','ORD',1144),
	('JFK','YYZ',468),
	('KUL','NRT',5320),
	('KUL','SIN',312),
	('LAX','ATL',3107),
	('LAX','HNL',4117),
	('LAX','JFK',3933),
	('LAX','LGA',3933),
	('LAX','MIA',3755),
	('LAX','ORD',2800),
	('LAX','YYZ',3527),
	('LGA','ATL',1202),
	('LGA','HNL',7976),
	('LGA','MIA',1760),
	('LGA','ORD',1144),
	('LGA','YYZ',468),
	('LGW','AMS',359),
	('LGW','ATL',6763),
	('LGW','BKK',9530),
	('LGW','CDG',342),
	('LGW','DOH',5212),
	('LGW','FCO',1448),
	('LGW','GIG',9269),
	('LGW','HEL',1823),
	('LGW','HKG',9625),
	('LGW','HNL',11624),
	('LGW','JFK',5560),
	('LGW','JNB',9059),
	('LGW','KUL',10542),
	('LGW','LAX',8747),
	('LGW','LGA',5560),
	('LGW','MAD',1262),
	('LGW','MIA',7119),
	('LGW','MUC',920),
	('LGW','NRT',9558),
	('LGW','ORD',6347),
	('LGW','ORY',342),
	('LGW','SFO',8608),
	('LGW','SIN',10871),
	('LGW','VIE',1234),
	('LGW','YYZ',5727),
	('LHR','AMS',359),
	('LHR','ATL',6763),
	('LHR','BKK',9530),
	('LHR','CDG',342),
	('LHR','DOH',5212),
	('LHR','FCO',1448),
	('LHR','GIG',9269),
	('LHR','HEL',1823),
	('LHR','HKG',9625),
	('LHR','HNL',11624),
	('LHR','JFK',5560),
	('LHR','JNB',9059),
	('LHR','KUL',10542),
	('LHR','LAX',8747),
	('LHR','LGA',5560),
	('LHR','LGW',0),
	('LHR','MAD',1262),
	('LHR','MIA',7119),
	('LHR','MUC',920),
	('LHR','NRT',9558),
	('LHR','ORD',6347),
	('LHR','ORY',342),
	('LHR','SFO',8608),
	('LHR','SIN',10871),
	('LHR','VIE',1234),
	('LHR','YYZ',5727),
	('MAD','FCO',1370),
	('MAD','MUC',1483),
	('MEL','ADL',651),
	('MEL','AMS',16533),
	('MEL','ATL',15580),
	('MEL','BKK',7363),
	('MEL','BNE',1367),
	('MEL','CBR',464),
	('MEL','CDG',16779),
	('MEL','DOH',11970),
	('MEL','DRW',3143),
	('MEL','FCO',15962),
	('MEL','GIG',13204),
	('MEL','HEL',15192),
	('MEL','HKG',7406),
	('MEL','HNL',8870),
	('MEL','JFK',16661),
	('MEL','JNB',10326),
	('MEL','KUL',6360),
	('MEL','LAX',12764),
	('MEL','LGA',16661),
	('MEL','LGW',16893),
	('MEL','LHR',16893),
	('MEL','MAD',17296),
	('MEL','MIA',15577),
	('MEL','MUC',16105),
	('MEL','NRT',8179),
	('MEL','ORD',15559),
	('MEL','ORY',16779),
	('MEL','PER',2719),
	('MEL','SFO',12647),
	('MEL','SIN',6064),
	('MEL','VIE',15752),
	('MEL','YYZ',16287),
	('MIA','YYZ',1905),
	('ORD','ATL',946),
	('ORD','HNL',6832),
	('ORD','MIA',1915),
	('ORD','YYZ',727),
	('ORY','FCO',1120),
	('ORY','MAD',1053),
	('ORY','MUC',685),
	('PER','AMS',14133),
	('PER','ATL',18102),
	('PER','BKK',5333),
	('PER','CBR',3086),
	('PER','CDG',14270),
	('PER','DOH',9322),
	('PER','DRW',2649),
	('PER','FCO',13318),
	('PER','GIG',13514),
	('PER','HEL',13084),
	('PER','HKG',6025),
	('PER','HNL',10900),
	('PER','JFK',18686),
	('PER','JNB',8312),
	('PER','KUL',4175),
	('PER','LAX',15013),
	('PER','LGA',18686),
	('PER','LGW',14472),
	('PER','LHR',14472),
	('PER','MAD',14604),
	('PER','MIA',18296),
	('PER','MUC',13585),
	('PER','NRT',7915),
	('PER','ORD',17650),
	('PER','ORY',14270),
	('PER','SFO',14733),
	('PER','SIN',3905),
	('PER','VIE',13246),
	('PER','YYZ',18226),
	('SFO','ATL',3433),
	('SFO','HNL',3852),
	('SFO','JFK',4125),
	('SFO','LAX',558),
	('SFO','LGA',4125),
	('SFO','MIA',4165),
	('SFO','ORD',2981),
	('SFO','YYZ',3689),
	('SIN','NRT',5317),
	('SYD','ADL',1167),
	('SYD','AMS',16631),
	('SYD','ATL',14935),
	('SYD','BKK',7528),
	('SYD','BNE',728),
	('SYD','CBR',246),
	('SYD','CDG',16949),
	('SYD','DOH',12373),
	('SYD','DRW',3146),
	('SYD','FCO',16300),
	('SYD','GIG',13512),
	('SYD','HEL',15188),
	('SYD','HKG',7363),
	('SYD','HNL',8160),
	('SYD','JFK',15979),
	('SYD','JNB',11036),
	('SYD','KUL',6608),
	('SYD','LAX',12092),
	('SYD','LGA',15979),
	('SYD','LGW',16984),
	('SYD','LHR',16984),
	('SYD','MAD',17670),
	('SYD','MEL',713),
	('SYD','MIA',15016),
	('SYD','MUC',16316),
	('SYD','NRT',7817),
	('SYD','OOL',679),
	('SYD','ORD',14865),
	('SYD','ORY',16949),
	('SYD','PER',3286),
	('SYD','SFO',11940),
	('SYD','SIN',6296),
	('SYD','VIE',15964),
	('SYD','YYZ',15593),
	('VIE','AMS',931),
	('VIE','CDG',1032),
	('VIE','FCO',775),
	('VIE','HEL',1434),
	('VIE','MAD',1809),
	('VIE','MUC',354),
	('VIE','ORY',1032);

BULK INSERT FlightPub.dbo.flights
FROM 'C:\Users\ahmed\Documents\GitHub\SENG3160\FlightPub-BackEnd\src\main\resources\Flights.txt'
WITH
    (
    FIELDTERMINATOR = ',',
    ROWTERMINATOR = ';',
    KEEPNULLS
    )


BULK INSERT FlightPub.dbo.price
FROM 'C:\Users\ahmed\Documents\GitHub\SENG3160\FlightPub-BackEnd\src\main\resources\Price.txt'
WITH
    (
    FIELDTERMINATOR = ',',
    ROWTERMINATOR = ';',
    KEEPNULLS
    )

UPDATE FlightPub.dbo.price SET airline_code =  REPLACE(airline_code ,'
','');

UPDATE FlightPub.dbo.flights SET airline_code =   REPLACE(airline_code ,'
','');


UPDATE FlightPub.dbo.availability SET airline_code =  REPLACE(airline_code ,'
','');

INSERT INTO FlightPub.dbo.user_account (user_name, first_name, last_name, account_type, salt, password_hash, phone_number, address, last_location)
VALUES
    ('eatDatPussy445@gmail.com', 'EDP', '445', 'admin', 'random', '$2a$10$5bYKHS7XPY7vw5ZtZKiY4O41vQZvF3TK1rbNIcH3F.TqMncFUUyR2', 04981386485, '69 pedophile rd, atlanta', null),
    ('keeylanGay@gmail.com', 'keeylan', 'hume', 'agent', 'random', '$2a$10$OgDq4voGW4Gb1ZRDpQqg4OaXo8/QualufHnZRaK1ap1HpRpIRIcie', 04981386485, '29 baumont st hamilton', null);

--UPDATE FlightPub.dbo.user_account SET account_type='admin' WHERE user_name='eatDatPussy445@gmail.com';

INSERT INTO holiday_package (holiday_package_id, airline_code, airline_name, destination_code, airport, discount_percentage, hotel_name, hotel_star_rating, hotel_description, package_start_datetime, package_end_datetime, target_user)
VALUES
    (1, 'JQ', 'Jetstar Airlines', 'OOL','Gold Coast', 10, 'Novotel Surfers Paradise', 4, 'Located in the heart of Surfers Paradise, Novotel Surfers Paradise, Gold Coast, is surrounded by immaculate beaches, spirited nightlife and fun-filled theme parks. ', '2021-08-01 01:00:00', '2021-08-31 23:59:59', 'solo'),
    (2, 'AA', 'American Airlines', 'GIG', 'Rio De Janeiro', 10, 'Hotel Nacional Rio de Janeiro', 5, 'Hotel Nacional Rio de Janeiro is ideally set right in front of São Conrado beach and offers an unique option for those looking for the luxury of an urban resort.', '2021-08-01 01:00:00', '2021-08-31 23:59:59', 'solo'),
    (3, 'QF', 'Qantas Airways', 'HNL', 'Honolulu', 15, 'Waikiki Resort Hotel', 4, 'Just a 2-minute walk from Waikiki Beach and Kuhio Beach Park, this hotel has an outdoor pool and terrace. Each room and suite includes a private balcony with ocean, mountain or city views.', '2021-08-01 01:00:00', '2021-08-31 23:59:59', 'family'),
    (4, 'QF', 'Qantas Airways', 'ORY', 'Paris - Orly', 5, 'Pullman Paris Tour Eiffel', 4, 'The 4-star hotel Pullman Paris Tour Eiffel is set at the foot of the Eiffel Tower and the Trocadero.', '2021-08-01 01:00:00', '2021-08-31 23:59:59', 'family'),
    (5, 'KL', 'KLM-Royal Dutch Airlines', 'VIE', 'Vienna', 15, 'Hilton Vienna Plaza', 5, 'Located on the historic Ringstraße boulevard opposite the Stock Exchange, the Hilton Vienna Plaza is only a 10-minute walk away from the elegant Graben shopping street in the heart of Vienna.', '2021-08-01 01:00:00', '2021-08-31 23:59:59', 'senior'),
    (6, 'BA', 'British Airways', 'BKK', 'Bangkok', 10, 'Centara Grand at Central World Hotel', 5, 'At the center of everything staying in an upscale district of Bangkok. High-end shopping is everywhere. The BTS sky train Is right at the entrance of the property giving you access to all of Bangkok.', '2021-08-01 01:00:00', '2021-08-31 23:59:59', 'senior'),
    (7, 'AA', 'American Airlines', 'JFK', 'New York', 10, 'The Westin New York at Time Square', 5, 'Standing at Times Square, this Manhattan luxury hotel features an on-site restaurant and bar. The 42nd Street-Port Authority subway station is located just outside the hotel.', '2021-08-01 01:00:00', '2021-08-31 23:59:59', 'business'),
    (8, 'JQ', 'Jetstar Airlines', 'HKG', 'Hong Kong', 10, 'The Hari Hong Kong', 5, 'Boasting a fitness centre, bar and views of city, The Hari Hong Kong is set in Hong Kong, 400 metres from Times Square Hong Kong.', '2021-08-01 01:00:00', '2021-08-31 23:59:59', 'business'),
    (9, 'QF', 'Qantas Airways', 'LAX', 'Los Angeles', 15, 'Millennium Biltmore Los Angeles', 4, 'Located in downtown Los Angeles, this luxurious design hotel is just a 4-minute walk from Pershing Square Subway Station.', '2021-08-01 01:00:00', '2021-08-31 23:59:59', 'all'),
    (10, 'DL', 'Delta Air Lines', 'BNE', 'Brisbane', 10, 'Stamford Plaza Brisbane', 5, 'Offering absolute riverfront accommodation and featuring river views from every room, Stamford Plaza Brisbane is perfectly just a few steps from the adjacent Botanical Gardens. The hotel is located in the city’s prestigious dining and shopping precinct.', '2021-08-01 01:00:00', '2021-08-31 23:59:59', 'all');